frame,object_area,reference_frame,gripper_area,gripper_area_fraction,mask_valid,mask_failure_reason,expected_area,lost_fraction,occluded_fraction,explained_fraction,track_fraction,visible_support,mask_overlap_fraction,onset,continued,legacy_candidate,legacy_flagged,severity_onset,severity_continued,severity_candidate,severity_flagged,candidate,flagged,status,rigidity_score,rigidity_carried
0,5806,0,6079,0.006746049360795455,True,,5806,0.0,0.0,0.0,0.0,1.0,0.0,False,False,False,False,False,False,False,False,False,False,assessed,0.0,False
1,5842,0,6747,0.007487349076704545,True,,5806,0.003444712366517396,0.0,0.0,0.0,0.9965552876334826,0.0,False,False,False,False,False,False,False,False,False,False,assessed,0.0014767221666999212,False
2,5761,1,8440,0.00936612215909091,True,,5842,0.019000342348510783,0.0,0.0,0.0,0.9809996576514892,0.0,False,False,False,False,False,False,False,False,False,False,assessed,0.01101223520573354,False
3,5819,2,9487,0.010528009588068182,True,,5761,0.001562228779725742,0.0,0.0,0.0,0.9984377712202742,0.0,False,False,False,False,False,False,False,False,False,False,assessed,0.0027765276262114802,False
4,5809,3,10672,0.011843039772727272,True,,5819,0.007905138339920948,0.0,0.0,0.0,0.9920948616600791,0.0,False,False,False,False,False,False,False,False,False,False,assessed,0.03739489518736982,False
5,5800,4,11253,0.01248779296875,True,,5809,0.009468066792907558,0.0,0.0,0.0,0.9905319332070924,0.0,False,False,False,False,False,False,False,False,False,False,assessed,0.0014172661590046854,False
6,5683,5,11944,0.013254616477272727,True,,5800,0.022413793103448276,0.0,0.0,0.0,0.9775862068965517,0.0,False,False,False,False,False,False,False,False,False,False,assessed,0.00247462564818922,False
7,5708,6,12002,0.013318980823863636,True,,5683,0.008094316382192504,0.0,0.0,0.0,0.9919056836178075,0.0,False,False,False,False,False,False,False,False,False,False,assessed,0.002114993243728233,False
8,5786,7,12557,0.013934881036931818,True,,5708,0.0057813594954449895,0.0,0.0,0.0,0.994218640504555,0.0,False,False,False,False,False,False,False,False,False,False,assessed,0.010386878123754564,False
9,5791,8,12731,0.014127974076704545,True,,5786,0.0067404078810922915,0.0,0.0,0.0,0.9932595921189077,0.0,False,False,False,False,False,False,False,False,False,False,assessed,0.0028935874084010708,False
10,5634,9,13086,0.014521928267045455,True,,5791,0.029355897081678465,0.0001726817475392851,0.0058823529411764705,0.0,0.9706441029183215,0.0,False,False,False,False,False,False,False,False,False,False,assessed,0.005918219621791499,False
11,5182,10,16807,0.018651234019886363,True,,5634,0.0878594249201278,0.08022719204827831,0.9131313131313131,0.9649122807017544,0.9121405750798722,0.9693168660748746,False,False,False,False,False,False,False,False,False,False,assessed,0.021618469594566623,False
12,4517,10,15518,0.01722079190340909,True,,5634,0.20394036208732694,0.20110046148384805,0.9860748476936466,1.0,0.7960596379126731,0.9915873367279168,True,False,True,True,True,False,True,True,True,True,assessed,0.017824974454676703,False
13,3995,10,15843,0.01758145419034091,True,,5634,0.2976570820021299,0.2942847000354988,0.9886702444841979,0.9649122807017544,0.7023429179978701,0.9994993742177722,True,False,True,True,True,False,True,True,True,True,assessed,0.01173561538437844,False
14,3858,10,15668,0.017387251420454546,True,,5634,0.32197373091941783,0.3212637557685481,0.9977949283351709,0.9824561403508771,0.6780262690805822,1.0,True,False,True,True,True,False,True,True,True,True,assessed,0.022146269266795512,False
15,3597,10,14607,0.016209827769886363,True,,5634,0.36386226482073125,0.3604898828541001,0.9907317073170732,0.9649122807017544,0.6361377351792687,1.0,True,False,True,True,True,False,True,True,True,True,assessed,0.026010046628002777,False
16,3339,10,14786,0.01640846946022727,True,,5634,0.4116080937167199,0.40823571175008877,0.9918068132815869,0.9473684210526315,0.5883919062832801,0.9991015274034142,True,False,True,True,True,False,True,True,True,True,assessed,0.009872650802353493,False
17,3006,10,14380,0.015957919034090908,True,,5634,0.47408590699325526,0.4730209442669507,0.9977536503182328,0.9824561403508771,0.5259140930067447,0.9966733200266135,True,False,True,True,True,False,True,True,True,True,assessed,0.009872650802353493,True
18,2765,10,13146,0.014588512073863637,True,,5634,0.5122470713525027,0.5047923322683706,0.9854469854469855,0.9824561403508771,0.48775292864749736,0.9989150090415914,True,False,True,True,True,False,True,True,True,True,assessed,0.009872650802353493,True
19,2656,10,12856,0.014266690340909091,True,,5634,0.531416400425985,0.5239616613418531,0.9859719438877755,0.9473684210526315,0.4685835995740149,0.9981174698795181,True,False,True,True,True,False,True,True,True,True,assessed,0.009872650802353493,True
20,2444,10,12642,0.014029208096590908,True,,5634,0.5674476393326233,0.5564430244941427,0.980606818892712,0.9649122807017544,0.4325523606673766,0.9987725040916531,True,False,True,True,True,False,True,True,True,True,assessed,0.009872650802353493,True
21,2339,10,12470,0.013838334517045454,True,,5634,0.5853745118920838,0.5818246361377352,0.9939357186173439,0.9473684210526315,0.4146254881079162,0.9995724668661822,True,False,True,True,True,False,True,True,True,True,assessed,0.009872650802353493,True
22,2137,10,11691,0.012973854758522727,True,,5634,0.6237131700390486,0.6210507632232872,0.995731360273193,0.9649122807017544,0.37628682996095136,0.99859616284511,True,False,True,True,True,False,True,True,True,True,assessed,0.009872650802353493,True
23,1927,10,11038,0.012249200994318182,True,,5634,0.6604543840965567,0.6592119275825347,0.9981187852727761,0.9649122807017544,0.3395456159034434,0.9989621172807472,True,False,True,True,True,False,True,True,True,True,assessed,0.009872650802353493,True
24,1783,10,10277,0.011404696377840908,True,,5634,0.6842385516506923,0.627973020944267,0.9177691309987029,0.9649122807017544,0.31576144834930775,0.9994391475042064,True,False,True,True,True,False,True,True,True,True,assessed,0.009872650802353493,True
25,1552,10,9390,0.010420365767045454,True,,5634,0.7305644302449414,0.6171458998935038,0.8447521865889213,0.9298245614035088,0.26943556975505856,0.9987113402061856,True,False,True,True,True,False,True,True,True,True,assessed,0.009872650802353493,True
26,1507,10,8819,0.00978670987215909,True,,5634,0.7413915512957047,0.5889243876464324,0.7943500119703136,0.9122807017543859,0.25860844870429534,0.9973457199734572,True,False,True,True,False,False,False,False,True,True,assessed,0.009872650802353493,True
27,1354,10,8332,0.009246271306818182,True,,5634,0.8274760383386581,0.7167199148029819,0.8661518661518661,0.9122807017543859,0.17252396166134185,0.9955686853766618,True,False,True,True,True,False,True,True,True,True,assessed,0.009872650802353493,True
28,1173,10,7544,0.008371803977272727,True,,5634,0.8438054668086616,0.7337593184238551,0.8695835086243163,0.9298245614035088,0.1561945331913383,0.9982949701619779,True,False,True,True,True,False,True,True,True,True,assessed,0.009872650802353493,True
29,1167,10,6550,0.007268732244318182,True,,5634,0.8329783457578984,0.7206247781327654,0.8651182612401449,0.9298245614035088,0.16702165424210152,1.0,True,False,True,True,True,False,True,True,True,True,assessed,0.009872650802353493,True
30,1173,10,6040,0.006702769886363636,True,,5634,0.8312034078807242,0.707667731629393,0.8513773222293401,0.9298245614035088,0.16879659211927583,1.0,True,False,True,True,True,False,True,True,True,True,assessed,0.009872650802353493,True
31,1119,10,5807,0.006444202769886363,True,,5634,0.8351082712105077,0.6838835640752574,0.8189160467587673,0.9473684210526315,0.16489172878949238,1.0,True,False,True,True,True,False,True,True,True,True,assessed,0.009872650802353493,True
32,1174,10,5512,0.006116832386363636,True,,5634,0.8168264110756124,0.6299254526091587,0.7711864406779662,0.9122807017543859,0.18317358892438765,0.9991482112436116,True,False,True,True,False,False,False,False,True,True,assessed,0.009872650802353493,True
33,1048,10,5308,0.0058904474431818185,True,,5634,0.8343982960596379,0.6242456514022009,0.7481386938949159,0.9473684210526315,0.16560170394036208,1.0,True,False,True,True,False,False,False,False,True,True,assessed,0.009872650802353493,True
34,1182,10,5253,0.0058294122869318185,True,,5634,0.8159389421370252,0.5985090521831736,0.7335218620839679,0.9122807017543859,0.1840610578629748,0.9949238578680203,True,False,True,True,False,False,False,False,True,True,assessed,0.009872650802353493,True
35,1174,10,4630,0.005138050426136364,True,,5634,0.7964146254881079,0.5118920837770679,0.6427457098283932,0.9122807017543859,0.20358537451189207,1.0,True,False,True,True,False,False,False,False,True,True,assessed,0.009872650802353493,True
36,1439,10,5085,0.005642977627840909,True,,5634,0.7529286474973376,0.5298189563365282,0.7036775106082037,0.9122807017543859,0.2470713525026624,0.9979152189020153,True,False,True,True,False,False,False,False,True,True,assessed,0.009872650802353493,True
37,1583,10,6117,0.006788219105113636,True,,5634,0.7245296414625488,0.5750798722044729,0.7937285644292014,0.9122807017543859,0.27547035853745117,1.0,True,False,True,True,False,False,False,False,True,True,assessed,0.009872650802353493,True
38,1680,10,6343,0.007039018110795455,True,,5634,0.7083777067802627,0.5908768193113241,0.8341267852668505,0.9122807017543859,0.2916222932197373,0.9892857142857143,True,False,True,True,True,False,True,True,True,True,assessed,0.009872650802353493,True
39,1740,10,6768,0.007510653409090909,True,,5634,0.6954206602768903,0.6107561235356762,0.8782542113323124,0.8771929824561403,0.3045793397231097,0.9942528735632183,True,False,True,True,True,False,True,True,True,True,assessed,0.009872650802353493,True
40,1813,10,7418,0.008231977982954546,True,,5634,0.6808661696840611,0.6308129215477458,0.9264859228362878,0.9122807017543859,0.31913383031593895,1.0,True,False,True,True,True,False,True,True,True,True,assessed,0.009872650802353493,True
41,1919,10,7388,0.008198686079545454,True,,5634,0.6680866169684061,0.6219382321618744,0.9309245483528161,0.8947368421052632,0.3319133830315939,0.9979155810317873,True,False,True,True,True,False,True,True,True,True,assessed,0.009872650802353493,True
42,2032,10,7977,0.008852317116477272,True,,5634,0.6395101171458999,0.617678381256656,0.9658617818484596,0.9122807017543859,0.3604898828541001,1.0,True,False,True,True,True,False,True,True,True,True,assessed,0.009872650802353493,True
43,2104,10,7582,0.008413973721590908,True,,5634,0.6308129215477458,0.6123535676251332,0.9707371975239167,0.8947368421052632,0.3691870784522542,0.9990494296577946,True,False,True,True,True,False,True,True,True,True,assessed,0.009872650802353493,True
44,2346,10,7320,0.008123224431818182,True,,5634,0.5835995740149095,0.5706425275115371,0.9777980535279805,0.9122807017543859,0.4164004259850905,0.9948849104859335,True,False,True,True,True,False,True,True,True,True,assessed,0.009872650802353493,True
45,2266,10,7707,0.008552689985795454,True,,5634,0.6054313099041534,0.5896343627973021,0.9739079448841982,0.9122807017543859,0.39456869009584666,0.998676081200353,True,False,True,True,True,False,True,True,True,True,assessed,0.10812906149644112,False
46,2411,10,8035,0.008916681463068182,True,,5634,0.5750798722044729,0.5647852325168619,0.9820987654320987,0.8947368421052632,0.4249201277955272,0.9995852343425964,True,False,True,True,True,False,True,True,True,True,assessed,0.07248778424986783,False
47,2526,10,8739,0.009697931463068183,True,,5634,0.5555555555555556,0.5374511892083778,0.9674121405750798,0.9473684210526315,0.4444444444444444,0.996437054631829,True,False,True,True,True,False,True,True,True,True,assessed,0.04131926606053152,False
48,2431,10,8514,0.0094482421875,True,,5634,0.5729499467518637,0.5543130990415336,0.9674721189591078,0.9473684210526315,0.42705005324813633,0.9802550390785685,True,False,True,True,True,False,True,True,True,True,assessed,0.04131926606053152,True
49,2259,10,8166,0.009062056107954545,True,,5634,0.6022364217252396,0.5908768193113241,0.9811376363100501,0.9298245614035088,0.3977635782747604,0.9884904825143869,True,False,True,True,True,False,True,True,True,True,assessed,0.01973924677548595,False
50,2252,10,8168,0.009064275568181818,True,,5634,0.6063187788427405,0.5938942137025204,0.9795081967213115,0.9122807017543859,0.3936812211572595,0.9911190053285968,True,False,True,True,True,False,True,True,True,True,assessed,0.06106636104362211,False
51,2323,10,7612,0.008447265625,True,,5634,0.6020589279375221,0.554490592829251,0.9209905660377359,0.9473684210526315,0.3979410720624778,0.9677141627206199,True,False,True,True,True,False,True,True,True,True,assessed,0.03303686082113363,False
52,2318,10,7681,0.00852383700284091,True,,5634,0.5992190273340433,0.5337238196663117,0.8906990521327014,0.9122807017543859,0.4007809726659567,0.9797238999137188,True,False,True,True,True,False,True,True,True,True,assessed,0.14577063937071305,False
53,2137,10,6949,0.007711514559659091,True,,5634,0.634185303514377,0.5486332978345758,0.8650993562832354,0.8421052631578947,0.365814696485623,0.9583528310715957,True,False,True,True,True,False,True,True,True,True,assessed,0.12479598594395977,False
54,2161,10,6980,0.007745916193181818,True,,5634,0.6490947816826411,0.5491657791977281,0.8460486737763194,0.8596491228070176,0.3509052183173589,0.983341045812124,True,False,True,True,True,False,True,True,True,True,assessed,0.06873510946098575,False
55,2310,10,6632,0.007359730113636363,True,,5634,0.6104011359602414,0.45704650337238195,0.7487641756324513,0.9649122807017544,0.38959886403975863,0.9766233766233766,True,False,True,True,False,False,False,False,True,True,assessed,0.11778387824345427,False
56,2279,10,5436,0.006032492897727273,True,,5634,0.609868654597089,0.41409300674476396,0.6789871944121071,0.9649122807017544,0.3901313454029109,0.9780605528740676,True,False,True,True,False,False,False,False,True,True,assessed,0.1051715642251933,False
57,2159,10,5087,0.0056451970880681815,True,,5634,0.6331203407880724,0.40823571175008877,0.6447995514437903,0.9122807017543859,0.36687965921192756,0.9731357109773043,True,False,True,True,False,False,False,False,True,True,assessed,0.06249702169901847,False
58,2138,10,5594,0.006207830255681818,True,,5634,0.6379126730564431,0.4156904508342208,0.6516416249304396,0.8947368421052632,0.362087326943557,0.9822263797942001,True,False,True,True,False,False,False,False,True,True,assessed,0.11833599900555901,False
59,1964,10,4732,0.0052512428977272724,True,,5634,0.6654242101526446,0.4023784167554136,0.604694585222726,0.8771929824561403,0.33457578984735536,0.9994908350305499,True,False,True,True,False,False,False,False,True,True,assessed,0.08980685422410428,False
60,2001,10,4649,0.005159135298295455,True,,5634,0.6586794462193823,0.3935037273695421,0.597413096200485,0.9473684210526315,0.34132055378061765,0.9945027486256871,False,True,True,True,False,False,False,False,True,True,assessed,0.09595304080548862,False
61,2074,10,4618,0.0051247336647727276,True,,5634,0.6510472133475328,0.3722044728434505,0.571701199563795,0.9649122807017544,0.34895278665246715,0.9879459980713597,False,True,True,True,False,False,False,False,True,True,assessed,0.08467390867520398,False
62,2050,10,4473,0.004963822798295455,True,,5634,0.6498047568335108,0.35782747603833864,0.5506692160611855,0.9649122807017544,0.35019524316648915,0.9931707317073171,False,True,True,True,False,False,False,False,True,True,assessed,0.0980003613183303,False
63,1989,10,4227,0.004690829190340909,True,,5634,0.6570820021299254,0.3432729854455094,0.5224203133441383,0.9298245614035088,0.34291799787007454,0.9914529914529915,False,True,True,True,False,False,False,False,True,True,assessed,0.09410936165611707,False
64,1934,10,4067,0.004513272372159091,True,,5634,0.6675541356052538,0.34114305999290023,0.5110342993884606,0.9298245614035088,0.33244586439474616,0.9906928645294726,False,True,True,True,False,False,False,False,True,True,assessed,0.09480082904494608,False
65,1863,10,3961,0.004395640980113636,True,,5634,0.6821086261980831,0.34291799787007454,0.5027322404371585,0.9473684210526315,0.31789137380191695,0.9908749329039184,False,True,True,True,False,False,False,False,True,True,assessed,0.07298617366255529,False
66,1815,10,3775,0.004189231178977273,True,,5634,0.6916932907348243,0.3271210507632233,0.47292789325121887,0.9298245614035088,0.3083067092651757,0.9884297520661157,False,True,True,True,False,False,False,False,True,True,assessed,0.15865526759274226,False
67,1693,10,3645,0.004044966264204545,True,,5634,0.7128150514731985,0.32357117500887467,0.45393426294820716,0.9298245614035088,0.28718494852680154,0.9899586532782044,False,True,True,True,False,False,False,False,True,True,assessed,0.09237677647753267,False
68,1642,10,3545,0.003933993252840909,True,,5634,0.7222222222222222,0.3187788427405041,0.4413860899483903,0.9122807017543859,0.2777777777777778,0.9914738124238733,False,True,True,True,False,False,False,False,True,True,assessed,0.1963749295440168,False
69,1665,10,3427,0.0038030450994318184,True,,5634,0.7176073837415691,0.28931487397941075,0.4031659658669305,0.8947368421052632,0.28239261625843093,0.9837837837837838,False,True,True,True,False,False,False,False,True,True,assessed,0.18303252956972932,False
70,1554,10,3268,0.0036265980113636366,True,,5634,0.7360667376641817,0.28452254171104013,0.38654448999276586,0.8947368421052632,0.26393326233581826,0.9794079794079794,False,True,True,True,False,False,False,False,True,True,assessed,0.219188322708422,False
71,1581,10,3295,0.003656560724431818,True,,5634,0.7330493432729854,0.27547035853745117,0.3757869249394673,0.8771929824561403,0.26695065672701457,0.9778621125869703,False,True,True,True,False,False,False,False,True,True,assessed,0.08280272775626409,False
72,1548,10,3111,0.003452370383522727,True,,5634,0.7385516506922257,0.25878594249201275,0.35039653929343906,0.8947368421052632,0.2614483493077742,0.977390180878553,False,True,True,True,False,False,False,False,True,True,assessed,0.3381206146198745,False
73,1439,10,3005,0.0033347389914772725,True,,5634,0.7563010294639687,0.25896343627973023,0.3424078854728937,0.8771929824561403,0.24369897053603123,0.9812369701181376,False,True,True,True,False,False,False,False,True,True,assessed,0.1322149307244445,False
74,1380,10,2906,0.0032248757102272727,True,,5634,0.7642882499112531,0.24973375931842384,0.32675336739433347,0.8771929824561403,0.2357117500887469,0.9833333333333333,False,True,True,True,False,False,False,False,True,True,assessed,0.2829258454684069,False
75,1329,10,2853,0.0031660600142045456,True,,5634,0.7728079517216897,0.2476038338658147,0.32039503904455674,0.8771929824561403,0.22719204827831027,0.981941309255079,False,True,True,True,False,False,False,False,True,True,assessed,0.487810011665015,False
76,1295,10,2773,0.0030772816051136366,True,,5634,0.7797302094426695,0.24245651402200924,0.3109492374231732,0.8596491228070176,0.22026979055733048,0.9814671814671815,False,True,True,True,False,False,False,False,True,True,assessed,0.3640761684971403,False
77,1300,10,2719,0.003017356178977273,True,,5634,0.7768903088391906,0.22932197373091942,0.2951793465844186,0.8771929824561403,0.22310969116080936,0.9753846153846154,False,True,True,True,False,False,False,False,True,True,assessed,0.3854182708187644,False
78,1242,10,2617,0.0029041637073863634,True,,5634,0.786119985800497,0.22097976570820022,0.2811018288552721,0.8596491228070176,0.213880014199503,0.9822866344605475,False,True,True,True,False,False,False,False,True,True,assessed,0.14899242185967074,False
79,1147,10,2524,0.002800958806818182,True,,5634,0.8056443024494143,0.22009229676961306,0.2731879268561357,0.8596491228070176,0.19435569755058574,0.979075850043592,False,True,True,True,False,False,False,False,True,True,assessed,0.22323157920543155,False
80,1094,10,2514,0.0027898615056818183,True,,5634,0.8134540291089812,0.22044728434504793,0.2710015273838097,0.8596491228070176,0.18654597089101882,0.9817184643510055,False,True,True,True,False,False,False,False,True,True,assessed,0.1892263328207384,False
81,1088,10,2485,0.0027576793323863635,True,,5634,0.8118565850195243,0.21050763223287186,0.25929164844774816,0.8421052631578947,0.18814341498047568,0.984375,False,True,True,True,False,False,False,False,True,True,assessed,0.19080973796577486,False
82,1010,10,2346,0.002603426846590909,True,,5634,0.8221512247071352,0.20624778132765353,0.2508635578583765,0.8421052631578947,0.17784877529286475,0.9782178217821782,False,True,True,True,False,False,False,False,True,True,assessed,0.2013021949822367,False
83,848,10,2344,0.0026012073863636363,True,,5634,0.851792687255946,0.22878949236776713,0.2685976245051052,0.8245614035087719,0.14820731274405397,0.9823113207547169,False,False,False,False,False,False,False,False,False,False,insufficient_support,0.26948188080041435,False
84,836,10,2316,0.002570134943181818,True,,5634,0.8539226127085552,0.2232871849485268,0.26148409893992935,0.8245614035087719,0.1460773872914448,0.9760765550239234,False,False,False,False,False,False,False,False,False,False,insufficient_support,0.27380797162305764,False
85,860,10,2371,0.002631170099431818,True,,5634,0.8494852680156194,0.22044728434504793,0.25950689511073965,0.8245614035087719,0.15051473198438053,0.9848837209302326,False,False,False,False,False,False,False,False,False,False,assessed,0.21522512291388524,False
86,992,10,2454,0.0027232776988636363,True,,5634,0.8271210507632233,0.21175008874689386,0.2560085836909871,0.8070175438596491,0.1728789492367767,0.9566532258064516,False,False,False,False,False,False,False,False,False,False,assessed,0.22447825830284138,False
87,1149,10,3002,0.0033314098011363634,True,,5634,0.8061767838125665,0.26038338658146964,0.3229854689564069,0.8596491228070176,0.19382321618743345,0.9939077458659704,False,False,False,False,False,False,False,False,False,False,assessed,0.20603476862267564,False
88,1314,10,3367,0.0037364612926136364,True,,5634,0.7736954206602769,0.28895988640397585,0.37348015599908235,0.8771929824561403,0.22630457933972312,0.9939117199391172,False,False,False,False,False,False,False,False,False,False,assessed,0.11357143453474777,False
89,1676,10,3809,0.004226962002840909,True,,5634,0.7137025204117856,0.3019169329073482,0.42302909723949267,0.9473684210526315,0.2862974795882144,0.986873508353222,False,False,False,False,False,False,False,False,False,False,assessed,0.14088799154872642,False
90,1935,10,4320,0.004794034090909091,True,,5634,0.6695065672701456,0.3351082712105076,0.5005302226935313,0.9473684210526315,0.33049343272985443,0.9746770025839794,False,False,False,False,False,False,False,False,False,False,assessed,0.11606502522646359,False
91,2042,10,4554,0.0050537109375,True,,5634,0.6515796947106851,0.35374511892083776,0.542903840915282,0.9473684210526315,0.3484203052893149,0.9833496571988247,False,False,False,False,False,False,False,False,False,False,assessed,0.04819993141065399,False
92,2060,10,4671,0.005183549360795454,True,,5634,0.6514022009229677,0.36847710330138445,0.5656675749318801,0.9473684210526315,0.3485977990770323,0.987378640776699,False,False,False,False,False,False,False,False,False,False,assessed,0.043082624904411095,False
