case,workbook_row,forearm_original,forearm_v2,epsilon_rigidity,replay_full_precision_score,status,metrics_sha256
LVP_ROBOWM_0001,2,0.0,0.0,0.0142,0.014175554563614448,complete,1ee7ca14ab401406141a4418e1b10e14295e74c27442fdc8429b591e8c43b65c
COSMOS2.5_0001,3,1.0,1.0,0.009,0.009016619833484873,complete,07f3ac946a73fe1f4ca37c6658afe43ed4f1749a81dd5462148f6f96102e4e3f
COSMOS3_0001,4,0.5,0.5,0.0117,0.01174464622365472,complete,b28c221db5516bdb9ea4e38da3c764ff377ab0016edc4938617dac0e01f3b028
LVP_ROBOWM_0005,5,1.0,0.5,0.0093,0.009263233156796042,complete,b5c798cb9583a14f8b770f1c108004ee1a7667ae9d246363e37a978741fbee3e
COSMOS2.5_0005,6,1.0,1.0,0.0171,0.017078427708762584,complete,a014e0abdf50d19aae5674564ba715297c939b9d91e1dee7da5a2d9b360accf0
COSMOS3_0005,7,1.0,1.0,0.0133,0.013335549015672807,complete,4e6240af9f5d9c4c63ae82dddc6df9e9e18eb7ed41a257f221e67667376cf9dc
LVP_ROBOWM_0010,8,1.0,0.5,0.0066,0.006600127255847595,complete,439e148d1f4b36477716fc9578676a32c155cf08b44bb5f1fbc6bfab9205b464
COSMOS2.5_0010,9,1.0,1.0,0.0117,0.011740262586094735,complete,930c321201ff4cdab94022afa80bd561c926a5421c64304f46affa744e84b87c
COSMOS3_0010,10,1.0,1.0,0.009,0.009009342684661366,complete,fe8c1668267197e544f2eb8dd6eb8662f6208132ec852e4dfa7f45efd595a5f3
LVP_ROBOWM_0015,11,0.0,0.0,0.009,0.00896052591244667,complete,44d99ccca06d15b7a4f47199380e715f2e51adebd7bdfa015c7974923048a896
COSMOS2.5_0015,12,1.0,1.0,0.0112,0.011246523576498864,complete,dcc08d6be0b31442ecf6d2c57b5c0182e37e27c400540a7220116288dcbefbca
COSMOS3_0015,13,0.5,0.5,0.0153,0.015336812597761396,complete,be2ae60ab6df3d2c4678474c1c2acce2358c95502422210249d08a9a53b35d9b
LVP_ROBOWM_0021,14,0.0,0.0,0.0094,0.009358085013611309,complete,92603b9069d68df010bbcc96e3d7270d208cbeee3ac33a2eee9151b126948f2b
COSMOS2.5_0021,15,0.0,0.5,0.0111,0.011143664844550925,complete,d484d48d5bfb5c7502b116e69b44bf3df7dc3ec8ea8d118f625b10eaaa0bef07
COSMOS3_0021,16,1.0,1.0,0.0112,0.01122626446238886,complete,b49cabcd649eadeaf5640e04e66ededd3c3e676c3f567d190d7d7f0fc0bdaf08
LVP_ROBOWM_0025,17,0.5,0.0,0.0223,0.02231561350199351,complete,42e3b2540171f4e540a69ffce81a98b0f1b2ea38e16ad8023c56102cc8f5c293
COSMOS2.5_0025,18,1.0,1.0,0.0215,0.021541035642059968,complete,441bec3f0e11cd171a2c0b08d88c4495947f066f342c24e8e95dd2c283f7ee03
COSMOS3_0025,19,0.5,0.0,0.0174,0.017439211705775098,complete,605c253622f0b26f4b590f4b37313e6079f75e3ffbafc0eb86aa6096df1f65e7
LVP_ROBOWM_0030,20,0.5,0.5,0.0125,0.012513365876981672,complete,9687fa2328cf0526c24c420253599ab8419ee7fef4c433ff7a0bf2e55962239f
COSMOS2.5_0030,21,1.0,1.0,0.011,0.01100794658294764,complete,1a3d075de022dc3e5a7cc309d151c0db4dc2ed3703882c9d0ec2fc4987c00c28
COSMOS3_0030,22,0.0,0.0,0.0168,0.01680127278506063,complete,efe1154edd4dbbf3a9c3ee4d5ab03205dda499ab3cb6e0d4422812b86321723d
LVP_ROBOWM_0035,23,1.0,1.0,0.0203,0.02026749703718893,complete,dabc8f55033ca6da8c2ee7b5f04b90dced33b94917bbaead0eb8d3ffec361e45
COSMOS2.5_0035,24,1.0,1.0,0.0119,0.011904459558243074,complete,f05cbd37a1456dbfd24174ae61a280916d53767b081a4843d3ce4ca7ef0a99bf
COSMOS3_0035,25,0.0,0.0,0.0097,0.00967051539737458,complete,29a4a911708b153257ad7a32b2672173c50120e07ffc261fdc215f0a70000cea
LVP_ROBOWM_0040,26,0.0,0.5,0.0115,0.011523610033379553,complete,ef4cdebd9561f71ceed09cf5ffb974295105d66f4d5fbf955a5f73049b9a4346
COSMOS2.5_0040,27,0.5,0.5,0.025,0.02499891035916641,complete,ff7e7a43b9e539da251763663a923613e90f2df684e7b3e8d4a1e5d398dbebb1
COSMOS3_0040,28,0.0,0.0,0.0054,0.005425102386526502,complete,c90366ce18096557c6036f72c527d71cea3f0337257045504e8ae22c0cc74071
LVP_ROBOWM_0044,29,0.0,0.0,0.0085,0.008478819101926442,complete,c7c4b8192717ea0289ae422e15345433c8ea35e27c80fc580a6a5f4b0a3f9558
COSMOS2.5_0044,30,1.0,1.0,0.0087,0.008663577392102651,complete,6402369177d00cacc4a2662bd314ab0e98651e7512434a531bee99d40b384369
COSMOS3_0044,31,0.0,0.0,0.0079,0.007884207754765856,complete,63e50d361fc26ff9d0be3fb7101eb8193f0192507ad67c96963b55121907aa9a
LVP_ROBOWM_0046,32,0.5,0.0,0.0059,0.005924844873464619,complete,41d6de29f181d0aea395c202fa5160fa61d081ac2cf31e3bd48dc49c40cbec18
COSMOS2.5_0046,33,1.0,1.0,0.0126,0.012646500905443836,complete,131b4dd7a84ce20920f2c0a87b8518eb482502491b0d9ede27223cd757663a90
COSMOS3_0046,34,0.0,0.5,0.0097,0.009654243343728544,complete,a804eee33104ae55e0d6cca8f2c36a908a2b148783477ef85efb6fc1e55801ad
LVP_ROBOWM_0054,35,0.0,0.5,0.0139,0.013865218855079553,complete,30a1768e22064e67c534c33fbdc117ad4dde98257402335b797cf59e0ac0b255
COSMOS2.5_0054,36,1.0,1.0,0.0129,0.01285141523014379,complete,dbdbe5fda48268b5f60c3f9bb1fd898f6cdc8d759ff373043c7f6d289667b004
COSMOS3_0054,37,1.0,1.0,0.0132,0.013221865656498553,complete,ebe4e122f2ebc63cf89c526be6d99732c973fa1eecc8b6ea01149db045878184
LVP_ROBOWM_0056,38,0.0,0.0,0.0252,0.025219710334084416,complete,aa413b6528e1b9d4a6be713022c07dcccde76009332250a641ebafbc0ea05f2c
COSMOS2.5_0056,39,1.0,1.0,0.0181,0.018066578825857892,complete,f96337c74548a2c63e3e0ed2ed5045271aeef23c3a34e6c8179914a32bd8b7c8
COSMOS3_0056,40,1.0,1.0,0.0084,0.008441502572492028,complete,692747de1d34974d61f5fc5e0dc4ad90a1beaeb70e5fe5df055b0fca76bf6a07
LVP_ROBOWM_0060,41,1.0,1.0,0.009,0.009005114617753085,complete,57780d1a5ff828a9f8b87fd32281ff26f6f60dced5508eef6276ad277727d583
COSMOS2.5_0060,42,1.0,1.0,0.0188,0.018779333721090977,complete,3da625f424aaade9818fcf27e3d426bc0bb0437a7299a1fa46b40f6cceae5aa1
COSMOS3_0060,43,1.0,1.0,0.0098,0.009843432583884133,complete,0e4c89e542dd0fe16550556da75d47f00874ee752544b438650d98d24ec38ef6
LVP_ROBOWM_0065,44,0.0,0.0,0.0174,0.017370681773738888,complete,8ec4603d948ce0dd16f25bcefebdf5baf2a06a50388a53942ae9f82752e2452f
COSMOS2.5_0065,45,1.0,1.0,0.0118,0.011784678297951275,complete,c21db0d6c75aaf2d6220bc92e5d714837a22745fa7fa3d5c12247a684f248d83
COSMOS3_0065,46,1.0,1.0,0.0085,0.008459814382628765,complete,7d710ddd180906e9785caa3c452e4ca36dcd67a7a8f2766cf00798e8f4243794
