video_id,cohort,balanced_v0_status,balanced_v0_score,balanced_v0_pairs,balanced_v0_carried_frames,refine_v1_status,refine_v1_score,refine_v1_pairs,refine_v1_carried_frames,refine_minus_balanced,shared_pairs,shared_endpoints,availability_difference_frames,carry_difference_frames
LVP_ROBOWM_0001,selected45,complete,0.04824488482455542,30,0,complete,0.04666297150562924,30,0,-0.0015819133189261814,1,31,41,0
COSMOS2.5_0001,selected45,complete,0.0398845806262897,30,0,complete,0.06407386362456853,30,0,0.024189282998278827,2,33,72,0
COSMOS3_0001,selected45,complete,0.04653994979578732,30,0,complete,0.04473297205864485,30,0,-0.0018069777371424733,1,36,110,0
LVP_ROBOWM_0005,selected45,complete,0.04434022920715872,30,0,complete,0.05331029611122504,30,0,0.00897006690406632,0,34,37,0
COSMOS2.5_0005,selected45,complete,0.04644460768310616,30,0,complete,0.06743589895579741,30,0,0.020991291272691247,1,34,49,0
COSMOS3_0005,selected45,complete,0.0598161857755996,30,0,complete,0.07736426633673338,30,0,0.01754808056113378,2,33,157,0
COSMOS3_0010,selected45,complete,0.04232292534168163,30,0,complete,0.045150410275248576,30,0,0.002827484933566944,0,36,113,0
LVP_ROBOWM_0015,selected45,complete,0.032369322316690326,30,0,complete,0.03314367828047338,30,0,0.0007743559637830577,0,36,45,0
COSMOS2.5_0015,selected45,complete,0.057987889376799454,30,0,complete,0.08545746472763623,30,0,0.027469575350836772,0,34,76,0
COSMOS3_0015,selected45,complete,0.05059355295823162,30,0,complete,0.045465692780763955,30,0,-0.0051278601774676635,0,31,130,0
LVP_ROBOWM_0021,selected45,complete,0.03216007412932133,30,0,complete,0.029681944692906508,30,0,-0.00247812943641482,0,36,26,0
COSMOS2.5_0021,selected45,complete,0.05568074057891388,30,0,complete,0.07453289126986098,30,0,0.018852150690947103,3,34,70,0
LVP_ROBOWM_0025,selected45,complete,0.0485002839202911,30,0,complete,0.05729821341710559,30,0,0.008797929496814488,0,38,44,0
COSMOS2.5_0025,selected45,complete,0.0717278227372553,30,0,complete,0.06358560482767328,30,0,-0.008142217909582014,1,33,55,0
COSMOS3_0025,selected45,complete,0.07803497527130537,30,0,complete,0.06888779721038392,27,0,-0.009147178060921454,1,31,188,0
COSMOS2.5_0030,selected45,complete,0.05739567561289472,30,0,complete,0.08305878321636997,30,0,0.025663107603475253,1,36,78,0
COSMOS3_0030,selected45,complete,0.0406349697576796,30,0,complete,0.039686760952894695,30,0,-0.0009482088047849044,0,34,84,0
LVP_ROBOWM_0035,selected45,complete,0.05699990894856499,30,0,complete,0.060614508361898634,30,0,0.003614599413333641,0,37,41,0
COSMOS2.5_0035,selected45,complete,0.04135661767449084,30,0,complete,0.05267074516391131,30,0,0.01131412748942047,0,34,57,0
LVP_ROBOWM_0040,selected45,complete,0.05385484586272759,30,0,complete,0.04022929008408798,30,0,-0.013625555778639609,1,34,37,0
COSMOS2.5_0040,selected45,complete,0.05143337645557056,30,0,complete,0.06932273845108114,30,0,0.017889361995510576,0,33,70,0
COSMOS3_0040,selected45,complete,0.029844402081482722,30,0,complete,0.04710813736733257,30,0,0.017263735285849846,1,30,113,0
LVP_ROBOWM_0044,selected45,complete,0.039505164947918205,30,0,complete,0.04326082008145433,30,0,0.0037556551335361232,0,31,21,0
COSMOS2.5_0044,selected45,complete,0.04133069042405308,30,0,complete,0.048982295082590895,27,0,0.007651604658537814,1,35,72,0
COSMOS3_0044,selected45,complete,0.033428526939442066,30,0,complete,0.041365403713385665,27,0,0.0079368767739436,1,33,178,0
LVP_ROBOWM_0046,selected45,complete,0.023099077238830392,30,0,complete,0.03211774440805475,30,0,0.009018667169224361,0,38,20,0
COSMOS2.5_0046,selected45,complete,0.03733561498977017,30,0,complete,0.08694997533237324,30,0,0.04961436034260307,1,37,86,0
COSMOS3_0046,selected45,complete,0.033852434340733525,29,0,complete,0.04534270836132933,27,0,0.011490274020595805,1,29,130,0
LVP_ROBOWM_0054,selected45,complete,0.05873467532980433,29,0,complete,0.04837825745000052,30,0,-0.010356417879803813,0,37,40,0
COSMOS2.5_0054,selected45,complete,0.04706476319930462,30,0,complete,0.08019861702757662,30,0,0.033133853828272004,0,31,68,0
COSMOS3_0054,selected45,complete,0.047494225389209256,30,0,complete,0.051037034404005206,30,0,0.00354280901479595,2,36,88,0
LVP_ROBOWM_0056,selected45,complete,0.061215628339613505,30,0,complete,0.07504788205236897,30,0,0.013832253712755462,1,32,41,0
COSMOS2.5_0056,selected45,complete,0.07129241641145583,30,0,complete,0.061480310325272,30,0,-0.009812106086183825,1,32,92,0
COSMOS3_0056,selected45,complete,0.04410755829738757,30,0,complete,0.07067209747226504,27,0,0.026564539174877465,1,35,174,0
LVP_ROBOWM_0060,selected45,complete,0.037745560076078,30,0,complete,0.03863866704844888,30,0,0.0008931069723708759,1,29,40,0
COSMOS2.5_0060,selected45,complete,0.043945728045349484,30,0,complete,0.06011664037291493,30,0,0.016170912327565443,1,32,63,0
COSMOS3_0060,selected45,complete,0.05357477345179485,30,0,complete,0.05786126412605324,30,0,0.004286490674258389,0,35,147,0
LVP_ROBOWM_0065,selected45,complete,0.035867287439233196,30,0,complete,0.05835509491799046,30,2,0.02248780747875726,2,35,41,2
COSMOS2.5_0065,selected45,complete,0.044906197918177286,30,0,complete,0.053007708812165065,30,0,0.008101510893987779,1,32,78,0
COSMOS3_0065,selected45,complete,0.03978260250736334,30,0,complete,0.04388096924257453,30,0,0.00409836673521119,3,35,173,0
COSMOS2.5_0018,additional,complete,0.0807821211014971,30,0,complete,0.10627781935464913,30,0,0.025495698253152024,0,33,40,0
