video_id,generator,cohort,workbook_row,forearm_AB,balanced_v0,refine_v1
LVP_ROBOWM_0001,LVP_ROBOWM,selected45,2,0.0,0.04824488482455542,0.04666297150562924
COSMOS2.5_0001,COSMOS2.5,selected45,3,1.0,0.0398845806262897,0.06407386362456853
COSMOS3_0001,COSMOS3,selected45,4,0.5,0.04653994979578732,0.04473297205864485
LVP_ROBOWM_0005,LVP_ROBOWM,selected45,5,0.5,0.04434022920715872,0.05331029611122504
COSMOS2.5_0005,COSMOS2.5,selected45,6,1.0,0.04644460768310616,0.06743589895579741
COSMOS3_0005,COSMOS3,selected45,7,1.0,0.0598161857755996,0.07736426633673338
COSMOS3_0010,COSMOS3,selected45,10,1.0,0.04232292534168163,0.045150410275248576
LVP_ROBOWM_0015,LVP_ROBOWM,selected45,11,0.0,0.032369322316690326,0.03314367828047338
COSMOS2.5_0015,COSMOS2.5,selected45,12,1.0,0.057987889376799454,0.08545746472763623
COSMOS3_0015,COSMOS3,selected45,13,0.5,0.05059355295823162,0.045465692780763955
LVP_ROBOWM_0021,LVP_ROBOWM,selected45,14,0.0,0.03216007412932133,0.029681944692906508
COSMOS2.5_0021,COSMOS2.5,selected45,15,0.5,0.05568074057891388,0.07453289126986098
LVP_ROBOWM_0025,LVP_ROBOWM,selected45,17,0.0,0.0485002839202911,0.05729821341710559
COSMOS2.5_0025,COSMOS2.5,selected45,18,1.0,0.0717278227372553,0.06358560482767328
COSMOS3_0025,COSMOS3,selected45,19,0.0,0.07803497527130537,0.06888779721038392
COSMOS2.5_0030,COSMOS2.5,selected45,21,1.0,0.05739567561289472,0.08305878321636997
COSMOS3_0030,COSMOS3,selected45,22,0.0,0.0406349697576796,0.039686760952894695
LVP_ROBOWM_0035,LVP_ROBOWM,selected45,23,1.0,0.05699990894856499,0.060614508361898634
COSMOS2.5_0035,COSMOS2.5,selected45,24,1.0,0.04135661767449084,0.05267074516391131
LVP_ROBOWM_0040,LVP_ROBOWM,selected45,26,0.5,0.05385484586272759,0.04022929008408798
COSMOS2.5_0040,COSMOS2.5,selected45,27,0.5,0.05143337645557056,0.06932273845108114
COSMOS3_0040,COSMOS3,selected45,28,0.0,0.029844402081482722,0.04710813736733257
LVP_ROBOWM_0044,LVP_ROBOWM,selected45,29,0.0,0.039505164947918205,0.04326082008145433
COSMOS2.5_0044,COSMOS2.5,selected45,30,1.0,0.04133069042405308,0.048982295082590895
COSMOS3_0044,COSMOS3,selected45,31,0.0,0.033428526939442066,0.041365403713385665
LVP_ROBOWM_0046,LVP_ROBOWM,selected45,32,0.0,0.023099077238830392,0.03211774440805475
COSMOS2.5_0046,COSMOS2.5,selected45,33,1.0,0.03733561498977017,0.08694997533237324
COSMOS3_0046,COSMOS3,selected45,34,0.5,0.033852434340733525,0.04534270836132933
LVP_ROBOWM_0054,LVP_ROBOWM,selected45,35,0.5,0.05873467532980433,0.04837825745000052
COSMOS2.5_0054,COSMOS2.5,selected45,36,1.0,0.04706476319930462,0.08019861702757662
COSMOS3_0054,COSMOS3,selected45,37,1.0,0.047494225389209256,0.051037034404005206
LVP_ROBOWM_0056,LVP_ROBOWM,selected45,38,0.0,0.061215628339613505,0.07504788205236897
COSMOS2.5_0056,COSMOS2.5,selected45,39,1.0,0.07129241641145583,0.061480310325272
COSMOS3_0056,COSMOS3,selected45,40,1.0,0.04410755829738757,0.07067209747226504
LVP_ROBOWM_0060,LVP_ROBOWM,selected45,41,1.0,0.037745560076078,0.03863866704844888
COSMOS2.5_0060,COSMOS2.5,selected45,42,1.0,0.043945728045349484,0.06011664037291493
COSMOS3_0060,COSMOS3,selected45,43,1.0,0.05357477345179485,0.05786126412605324
LVP_ROBOWM_0065,LVP_ROBOWM,selected45,44,0.0,0.035867287439233196,0.05835509491799046
COSMOS2.5_0065,COSMOS2.5,selected45,45,1.0,0.044906197918177286,0.053007708812165065
COSMOS3_0065,COSMOS3,selected45,46,1.0,0.03978260250736334,0.04388096924257453
COSMOS2.5_0018,COSMOS2.5,additional,,,0.0807821211014971,0.10627781935464913
