sample_id,dataset,excel_row,robot_deformation,upper_arm_label,forearm_label,gripper_label,fps,duration_seconds,note,error_description,timed_events,timed_event_count,available_timed_event_count,temporal_status,upper_arm_series_available,upper_arm_surge_time,upper_arm_peak_time,forearm_series_available,forearm_surge_time,forearm_peak_time,gripper_series_available,gripper_surge_time,gripper_peak_time
LVP_ROBOWM_0000,LVP_ROBOWM,3,1,0,1,0,16.0,3.0625,,,,0,0,positive_without_component_timestamp,True,2.625,2.9375,True,0.9375,3.0,True,0.4375,0.5
LVP_ROBOWM_0002,LVP_ROBOWM,4,0,0,0,0,16.0,3.0625,,,,0,0,negative_control,True,2.125,2.8125,True,1.125,1.9375,True,2.5,2.8125
LVP_ROBOWM_0003,LVP_ROBOWM,5,0,0,0,0,16.0,3.0625,,,,0,0,negative_control,True,1.125,2.25,True,2.375,2.375,True,1.9375,2.1875
LVP_ROBOWM_0004,LVP_ROBOWM,6,1,0,0,1,16.0,3.0625,,"The robot arm changes its shape suddenly, and the block disappear when approaching the trash can.",,0,0,positive_without_component_timestamp,True,2.75,2.9375,True,0.4375,2.0,True,0.6875,1.6875
LVP_ROBOWM_0011,LVP_ROBOWM,7,1,0,1,1,16.0,3.0625,minor gripper finger and forearm deformation at sec3,"The gripper only contacts the middle of the cup without forming a valid grasp, but the cup is still lifted as if it were stuck to the gripper. Also the cup deforms unnaturally.",forearm@3s;gripper@3s,2,2,timed_evaluable,True,2.25,2.9375,True,1.9375,1.3125,True,0.8125,1.25
LVP_ROBOWM_0013,LVP_ROBOWM,8,1,0,1,0,16.0,3.0625,forearm deformation at sec 1,The robot picks up the middle of the cup.,forearm@1s,1,1,timed_evaluable,True,0.5625,0.875,True,2.0,2.125,True,1.1875,2.25
LVP_ROBOWM_0014,LVP_ROBOWM,9,1,0,0,1,16.0,3.0625,,"The robot picks up the middle of the cup, and the contact point suddenly sticks to the edge of the cup.",,0,0,positive_without_component_timestamp,True,0.4375,0.625,True,0.4375,3.0,True,0.6875,1.4375
LVP_ROBOWM_0016,LVP_ROBOWM,10,0,0,0,0,16.0,3.0625,no deformation,,,0,0,negative_control,True,2.8125,3.0,True,0.5625,1.4375,True,2.875,2.9375
LVP_ROBOWM_0020,LVP_ROBOWM,11,0,0,0,0,16.0,3.0625,no deformation,The robot finger penetrates the banana.,,0,0,negative_control,True,0.375,2.3125,True,2.5625,1.125,True,0.3125,2.125
LVP_ROBOWM_0024,LVP_ROBOWM,13,1,0,0,1,16.0,3.0625,minor gripper deformation at sec2,"The gripper geometry changes unnaturally during the motion: the black and white finger parts, which are initially together, separate later in the video. The yellow cube also deforms/changes shape unnaturally.",gripper@2s,1,1,timed_evaluable,True,0.75,1.1875,True,1.875,1.9375,True,0.9375,2.5625
LVP_ROBOWM_0025,LVP_ROBOWM,14,1,0,0,1,16.0,3.0625,minor gripper deformation at sec2,Both the robot arm and the cube deform during the process.,gripper@2s,1,1,timed_evaluable,True,0.375,1.5625,True,1.75,2.25,True,0.3125,1.375
LVP_ROBOWM_0027,LVP_ROBOWM,15,1,0,0,1,16.0,3.0625,,"The robot arm picks up the center of the tape, but the tape still moves with the robot arm. The robot arm also penetrates the tape.",,0,0,positive_without_component_timestamp,True,0.25,2.75,True,2.125,2.8125,True,2.25,2.25
LVP_ROBOWM_0028,LVP_ROBOWM,16,0,0,0,0,16.0,3.0625,,"Part of the tape sticks to the robot arm, causing the tape to deform. The robot arm also moves the tape outward rather than inward toward itself.",,0,0,negative_control,True,0.5,1.0,True,2.4375,2.5,True,1.25,1.625
LVP_ROBOWM_0030,LVP_ROBOWM,17,1,0,0,1,16.0,3.0625,,After the robot arm picks up the box it duplicates one.,,0,0,positive_without_component_timestamp,True,2.875,3.0,True,0.75,2.25,True,2.1875,2.9375
LVP_ROBOWM_0031,LVP_ROBOWM,18,1,1,0,0,16.0,3.0625,minor forearm deformation at sec1,"The robot arm bends unnaturally and penetrates the box. Rather than moving the box inward, it moves the box outward.",,0,0,positive_without_component_timestamp,True,0.5,1.0625,True,2.25,2.6875,True,1.9375,2.5
LVP_ROBOWM_0032,LVP_ROBOWM,19,0,0,0,0,16.0,3.0625,only negligible deformation,"The robot arm only grabs the edge of the box, which is the wrong contact point to move the huge box. Also the box deforms.",,0,0,negative_control,True,0.5,1.5625,True,0.4375,1.625,True,1.25,1.3125
LVP_ROBOWM_0033,LVP_ROBOWM,20,1,0,1,1,16.0,3.0625,"gripper, forearm deform at sec0","The robot arm front-end changes thickness, and the cube deforms unnaturally. The intended action is to push the object away, but the robot instead moves it inward, indicating a wrong goal.",forearm@0s;gripper@0s,2,2,timed_evaluable,True,0.375,1.4375,True,3.0,3.0,True,0.75,1.0
LVP_ROBOWM_0034,LVP_ROBOWM,21,1,0,1,0,16.0,3.0625,,The robot penetrates the cube and moves it in the opposite direction from that required by the prompt.,,0,0,positive_without_component_timestamp,True,0.5625,0.6875,True,0.375,2.0625,True,0.75,2.5625
LVP_ROBOWM_0036,LVP_ROBOWM,22,0,0,0,0,16.0,3.0625,,The tape is moved in a wrong direction.,,0,0,negative_control,True,0.75,3.0,True,2.1875,2.5,True,0.625,0.8125
LVP_ROBOWM_0040,LVP_ROBOWM,23,1,0,0,1,16.0,3.0625,"minor deformation, gripper finger disappear at sec2","The contact point is incorrect, and the box deforms and moves in the wrong direction.",gripper@2s,1,1,timed_evaluable,True,2.25,2.25,True,2.1875,2.375,True,0.75,2.8125
LVP_ROBOWM_0042,LVP_ROBOWM,24,1,0,1,1,16.0,3.0625,"deformation at sec1, forearm deformation and gripper disappear",The box deforms during the process.,forearm@1s;gripper@1s,2,2,timed_evaluable,True,0.5625,2.75,True,0.6875,2.9375,True,0.875,0.9375
LVP_ROBOWM_0043,LVP_ROBOWM,25,1,0,1,1,16.0,3.0625,"deformation at sec1, forearm deformation and gripper finger",The robot does not close its gripper.,forearm@1s;gripper@1s,2,2,timed_evaluable,True,1.1875,2.0625,True,0.6875,1.1875,True,1.0625,2.3125
LVP_ROBOWM_0045,LVP_ROBOWM,26,1,1,0,0,16.0,3.0625,minor upper arm deformation,,,0,0,positive_without_component_timestamp,True,1.125,2.0,True,0.9375,2.0625,True,1.8125,2.0
LVP_ROBOWM_0046,LVP_ROBOWM,27,1,0,0,1,16.0,3.0625,gripper finger disappear/deform at sec2,"The front-end changes its shape, and the robot arm bends unnaturally.",gripper@2s,1,1,timed_evaluable,True,0.625,1.4375,True,0.4375,1.875,True,1.5625,2.125
LVP_ROBOWM_0047,LVP_ROBOWM,28,1,0,0,1,16.0,3.0625,gripper finger disappear,"The robot arm bends unnaturally, and the gripper does not reach the button.",,0,0,positive_without_component_timestamp,True,0.5,2.4375,True,0.9375,2.9375,True,2.5625,2.0
LVP_ROBOWM_0049,LVP_ROBOWM,29,1,0,1,1,16.0,3.0625,gripper and forearm has severe deformation at sec1,"The robot front end deforms suddenly. The banana partially penetrates the drawer but is not successfully placed inside, so the task remains incomplete.",forearm@1s;gripper@1s,2,2,timed_evaluable,True,0.3125,2.6875,True,2.6875,2.125,True,0.875,0.9375
LVP_ROBOWM_0051,LVP_ROBOWM,30,1,0,0,1,16.0,3.0625,gripper deform at sec1,The banana is lifted without a valid grasp and then penetrates through the drawer geometry instead of being placed through the opening. The robot subsequently closes the drawer. Moreover the robot arm bends unnaturally.,gripper@1s,1,1,timed_evaluable,True,0.3125,1.5,True,0.6875,1.0625,True,0.4375,0.75
LVP_ROBOWM_0057,LVP_ROBOWM,32,1,0,1,1,16.0,3.0625,"gripper deform at sec1, forearm deform at sec2","The robot picks up the cube but places it back on the table instead of putting it into the drawer. The cube deforms during the motion, and the robot arm also undergoes visible deformation before closing the drawer.",forearm@2s;gripper@1s,2,2,timed_evaluable,True,2.25,2.5625,True,2.9375,3.0,True,0.625,0.8125
LVP_ROBOWM_0059,LVP_ROBOWM,33,1,0,1,1,16.0,3.0625,"gripper deform at begin of sec1, forearm deform at end of sec 1","The robot arm bends unnaturally, and the gripper changes its shape and length after reaching the cup.",forearm@2s;gripper@1s,2,2,timed_evaluable,True,0.375,1.9375,True,2.0,2.625,True,0.9375,1.0
LVP_ROBOWM_0064,LVP_ROBOWM,34,0,0,0,0,16.0,3.0625,,"The robot grips the middle of the cup, and it penetrates the cup.",,0,0,negative_control,True,2.0,2.25,True,2.6875,2.75,True,2.5,2.5625
COSMOS3_0000,COSMOS3,68,1,0,1,1,24.0,7.875,minor forearm deformation and gripper deformatoin at sec2,The execution matches the prompt exactly.,forearm@2s;gripper@2s,2,2,timed_evaluable,True,1.0,5.333333333333333,True,1.0416666666666667,6.875,True,1.3333333333333333,4.958333333333333
COSMOS3_0001,COSMOS3,69,1,0,0,1,24.0,7.875,,The execution matches the prompt exactly.,,0,0,positive_without_component_timestamp,True,0.8333333333333334,6.916666666666667,True,0.7083333333333334,7.208333333333333,True,0.9166666666666666,1.1666666666666667
COSMOS3_0002,COSMOS3,70,0,0,0,0,24.0,7.875,negligible gripper finger deformation,"The gripper chooses the wrong contact point and starts inside the drawer. The drawer is then pulled closed with non-contact motion. Finally, the gripper penetrates the drawer, and the drawer deforms.",,0,0,negative_control,True,0.8333333333333334,2.25,True,1.7083333333333333,2.0416666666666665,True,0.375,7.541666666666667
COSMOS3_0006,COSMOS3,72,1,0,1,1,24.0,7.875,gripper and forearm deformation at sec 1,The robot's forearm deforms and becomes significantly lengthen in ratio,forearm@1s;gripper@1s,2,2,timed_evaluable,True,5.625,5.666666666666667,True,3.75,3.7916666666666665,True,1.25,7.791666666666667
COSMOS3_0015,COSMOS3,74,1,0,1,1,24.0,7.875,gripper deformation at second4. forearm deformation aat second 2,"Both the robot gripper and the object is deformed at the contact point. Due to poor spatial reasoning, the gripper seems to hide the cup from the camera then grab it.  Then gripper then release the cup instead of lifting it, wrong goal. Robot fore arm is also deformed when it approaches the cup.",forearm@2s;gripper@4s,2,2,timed_evaluable,True,6.75,6.875,True,1.1666666666666667,5.416666666666667,True,0.9583333333333334,3.5
COSMOS3_0020,COSMOS3,75,1,0,0,1,24.0,7.875,gripper deformation at second1. ,Banana is duplicated when the robot picked it. Wrong goal because robot released it,gripper@1s,1,1,timed_evaluable,True,3.75,3.7916666666666665,True,5.25,4.75,True,7.791666666666667,7.833333333333333
COSMOS3_0027,COSMOS3,77,1,0,0,1,24.0,7.875,the gripper deform at start of second5,"After finishing the task, the gripper contacts the object again, and then the object is magically duplicated.",gripper@5s,1,1,timed_evaluable,True,1.0,1.1666666666666667,True,0.875,4.875,True,7.208333333333333,3.2083333333333335
COSMOS3_0028,COSMOS3,78,1,0,1,1,24.0,7.875,the gripper and forearm deform at second half of second 0,"Wrong goal, te robot lift the move the tap outward rather than inward. Severe deformation at the gripper, causing the contact point to be unclear.",forearm@0.75s;gripper@0.75s,2,2,timed_evaluable,True,1.0833333333333333,6.916666666666667,True,4.125,7.541666666666667,True,2.75,4.666666666666667
COSMOS3_0031,COSMOS3,79,1,0,1,1,24.0,7.875,the gripper deform at start of second1,"Wrong goal, the gripper is now picking the brown cap and breaking down the object. The gripper is deformed, and the wrong action causing the object to also deform. Also the gripper doesn't properly/sufficiently grab the object but still creative effective, wrong contact dynamics",gripper@1s,1,1,timed_evaluable,True,1.125,6.958333333333333,True,2.2083333333333335,3.3333333333333335,True,1.0,6.166666666666667
COSMOS3_0040,COSMOS3,80,1,0,0,1,24.0,7.875,,The goal is incorrect because the gripper tries to lift the object instead of pushing it away. The task is also incomplete because the gripper never reaches or approaches a valid contact point.,,0,0,positive_without_component_timestamp,True,1.3333333333333333,2.9166666666666665,True,1.9583333333333333,2.0416666666666665,True,2.7916666666666665,3.5416666666666665
COSMOS3_0047,COSMOS3,82,1,1,1,1,24.0,7.875,"gripper,forearm,upperarm deform start at  sec1","The gripper is deformed, and one gripper finger disappears. At the contact point, the manipulated object also deforms and begins to shine.",upper_arm@1s;forearm@1s;gripper@1s,3,3,timed_evaluable,True,1.2916666666666667,6.958333333333333,True,0.625,2.2083333333333335,True,0.8333333333333334,0.875
COSMOS3_0049,COSMOS3,84,1,0,1,1,24.0,7.875,"gripper,forearm deform start at  sec1",The task is incomplete because the drawer is not closed after the release. The banana penetrates the drawer as the robot releases it into the drawer.,forearm@1s;gripper@1s,2,2,timed_evaluable,True,0.9583333333333334,1.375,True,7.833333333333333,4.875,True,2.5,1.9166666666666667
COSMOS3_0053,COSMOS3,88,1,0,1,1,24.0,7.875,"gripper, forearm deform at sec1","The gripper deforms into a white block. At the contact point, both the gripper finger and the object deform. The task is incomplete because the drawer is not closed after the release.",forearm@1s;gripper@1s,2,2,timed_evaluable,True,1.1666666666666667,7.166666666666667,True,2.7916666666666665,2.8333333333333335,True,2.375,3.9583333333333335
COSMOS3_0057,COSMOS3,91,1,0,0,1,24.0,7.875,gripper deform at sec1,The robot gripper deforms into a blue triangular shape. The task is incomplete because the robot does not close the drawer.,gripper@1s,1,1,timed_evaluable,True,5.375,1.3333333333333333,True,1.25,1.4166666666666667,True,1.25,1.25
COSMOS3_0060,COSMOS3,92,1,0,1,1,24.0,7.875,"gripper deform at sec0, forearm deform at sec5",The forearm is deformed/shortened. The contact is not physically plausible because the gripper does not choose the correct contact point.,forearm@5s;gripper@0s,2,2,timed_evaluable,True,1.125,2.7083333333333335,True,1.375,2.4166666666666665,True,3.125,4.291666666666667
COSMOS3_0003,COSMOS3,71,1,0,1,1,24.0,7.875,,"The gripper grasps the yellow cube, but before finishing the task it releases the cube back onto the table. A duplicate of the cube then appears on the gripper, leading to task completion.",,0,0,positive_without_component_timestamp,True,0.9166666666666666,2.125,True,1.0833333333333333,6.375,False,,
COSMOS3_0014,COSMOS3,73,1,0,1,1,24.0,7.875,gripper deformation at second1. second gripper deformation at 05,"At the contact point, the gripper penetrate the cup, and then the cup is minorly deformed with green line inside. The robot moves the object farther from the camera instead of lifting it. Wrong goal",gripper@1s,1,0,timed_but_quality_unavailable,True,1.4583333333333333,3.1666666666666665,True,1.0416666666666667,7.833333333333333,False,,
COSMOS3_0024,COSMOS3,76,1,0,0,1,24.0,7.875,the gripper deform at second half of second 0 to sec1,"Gripper deformed to contain a white object, rest execution is fine",gripper@0.75s,1,0,timed_but_quality_unavailable,True,1.2916666666666667,1.9166666666666667,True,1.3333333333333333,2.6666666666666665,False,,
COSMOS3_0042,COSMOS3,81,1,1,1,1,24.0,7.875,"gripper,forearm,upperarm deform start at second half of sec0",The goal is incorrect because the gripper picks up the brown cap and breaks the object; the incorrect action also causes the object to deform.,upper_arm@0.75s;forearm@0.75s;gripper@0.75s,3,2,timed_evaluable,True,0.875,6.875,True,3.9583333333333335,4.0,False,,
COSMOS3_0048,COSMOS3,83,1,1,1,1,24.0,7.875,"gripper,forearm,upperarm deform start at second half of sec0","The robot grasps the banana, but it closes the drawer before trying to release the banana. It then attempts to insert the banana into the drawer, causing object deformation and object-environment penetration.",upper_arm@0.75s;forearm@0.75s;gripper@0.75s,3,2,timed_evaluable,True,1.2083333333333333,3.375,True,1.5,2.9583333333333335,False,,
COSMOS3_0050,COSMOS3,85,1,0,1,1,24.0,7.875,,"Because of the incorrect execution order, the banana deforms and penetrates the drawer to get inside it. The drawer also deforms.",,0,0,positive_without_component_timestamp,True,0.7916666666666666,2.75,True,0.7083333333333334,1.5,False,,
COSMOS3_0051,COSMOS3,86,1,0,1,1,24.0,7.875,"gripper, forearm deform at sec1","The task is incomplete because the drawer is not closed after the banana is placed inside. At the contact point, the gripper's grasp on the banana is not physically reasonable. The banana also deforms after being lifted.",forearm@1s;gripper@1s,2,1,timed_evaluable,True,3.2916666666666665,3.3333333333333335,True,0.8333333333333334,4.0,False,,
COSMOS3_0052,COSMOS3,87,1,0,1,1,24.0,7.875,"gripper, forearm deform at sec1",The task is incomplete because the drawer is not closed after the banana is placed inside. The banana penetrates the drawer when it is released into the drawer.,forearm@1s;gripper@1s,2,1,timed_evaluable,True,0.7916666666666666,3.1666666666666665,True,0.5833333333333334,4.416666666666667,False,,
COSMOS3_0055,COSMOS3,89,1,0,1,1,24.0,7.875,,The task is incomplete because the robot does not close the drawer. A duplicate yellow cube is generated on the gripper halfway through the video.,,0,0,positive_without_component_timestamp,True,4.291666666666667,7.041666666666667,True,7.541666666666667,7.583333333333333,False,,
COSMOS3_0056,COSMOS3,90,1,0,1,1,24.0,7.875,"gripper, forearm deform at second half of sec0","The task is incomplete because the robot does not close the drawer. As the gripper approaches the cube, it penetrates the drawer.",forearm@0.75s;gripper@0.75s,2,1,timed_evaluable,True,0.75,1.3333333333333333,True,3.9583333333333335,3.9583333333333335,False,,
