sample_id,dataset,component,human_time_seconds,annotation_note,available_after_quality_filter,fps,duration,used_links,mean_rigidity,surge_time,surge_distance_seconds,surge_magnitude,peak_time,peak_distance_seconds,peak_rigidity,surge_within_0_25s,surge_within_0_5s,surge_within_1_0s,peak_within_0_25s,peak_within_0_5s,peak_within_1_0s
LVP_ROBOWM_0011,LVP_ROBOWM,forearm,3.0,minor gripper finger and forearm deformation at sec3,True,16.0,3.0625,link5,0.006834747384211313,1.9375,1.0625,0.004762893522402001,1.3125,1.6875,0.013406719621099999,False,False,False,False,False,False
LVP_ROBOWM_0011,LVP_ROBOWM,gripper,3.0,minor gripper finger and forearm deformation at sec3,True,16.0,3.0625,link7,0.06557885165409771,0.8125,2.1875,0.040890441449694,1.25,1.75,0.10811251644186,False,False,False,False,False,False
LVP_ROBOWM_0013,LVP_ROBOWM,forearm,1.0,forearm deformation at sec 1,True,16.0,3.0625,link5,0.01142443903623875,2.0,1.0,0.009327878045745999,2.125,1.125,0.021390809279960003,False,False,True,False,False,False
LVP_ROBOWM_0024,LVP_ROBOWM,gripper,2.0,minor gripper deformation at sec2,True,16.0,3.0625,link7,0.057698445841796876,0.9375,1.0625,0.036970422577622,2.5625,0.5625,0.107052265767,False,False,False,False,False,True
LVP_ROBOWM_0025,LVP_ROBOWM,gripper,2.0,minor gripper deformation at sec2,True,16.0,3.0625,link7,0.03413203398360417,0.3125,1.6875,0.02436136350496,1.375,0.625,0.0432221401952,False,False,False,False,False,True
LVP_ROBOWM_0033,LVP_ROBOWM,forearm,0.0,"gripper, forearm deform at sec0",True,16.0,3.0625,"link4,link5",0.027005323517516566,3.0,3.0,0.04168634147939934,3.0,3.0,0.06193025210773334,False,False,False,False,False,False
LVP_ROBOWM_0033,LVP_ROBOWM,gripper,0.0,"gripper, forearm deform at sec0",True,16.0,3.0625,link7,0.14075257957918605,0.75,0.75,0.152929151759388,1.0,1.0,0.2376621795174,False,False,True,False,False,True
LVP_ROBOWM_0040,LVP_ROBOWM,gripper,2.0,"minor deformation, gripper finger disappear at sec2",True,16.0,3.0625,link7,0.006338207294483541,0.75,1.25,0.0016797118148360003,2.8125,0.8125,0.00980824002329,False,False,False,False,False,True
LVP_ROBOWM_0042,LVP_ROBOWM,forearm,1.0,"deformation at sec1, forearm deformation and gripper disappear",True,16.0,3.0625,"link4,link5",0.014795177442781665,0.6875,0.3125,0.008907622229816002,2.9375,1.9375,0.02139158299315,False,True,True,False,False,False
LVP_ROBOWM_0042,LVP_ROBOWM,gripper,1.0,"deformation at sec1, forearm deformation and gripper disappear",True,16.0,3.0625,link7,0.17180964906456042,0.875,0.125,0.19128936135826002,0.9375,0.0625,0.28780860746479997,True,True,True,True,True,True
LVP_ROBOWM_0043,LVP_ROBOWM,forearm,1.0,"deformation at sec1, forearm deformation and gripper finger",True,16.0,3.0625,"link4,link5",0.044959409486074686,0.6875,0.3125,0.020096674363859004,1.1875,0.1875,0.06673609688564,False,True,True,True,True,True
LVP_ROBOWM_0043,LVP_ROBOWM,gripper,1.0,"deformation at sec1, forearm deformation and gripper finger",True,16.0,3.0625,link7,0.017266819838372707,1.0625,0.0625,0.009320797473964,2.3125,1.3125,0.03471655910426,True,True,True,False,False,False
LVP_ROBOWM_0046,LVP_ROBOWM,gripper,2.0,gripper finger disappear/deform at sec2,True,16.0,3.0625,link7,0.024735680515551042,1.5625,0.4375,0.02305868589484,2.125,0.125,0.051959391349539995,False,True,True,True,True,True
LVP_ROBOWM_0049,LVP_ROBOWM,forearm,1.0,gripper and forearm has severe deformation at sec1,True,16.0,3.0625,link5,0.035406227950197294,2.6875,1.6875,0.028221500895299997,2.125,1.125,0.07935902558878,False,False,False,False,False,False
LVP_ROBOWM_0049,LVP_ROBOWM,gripper,1.0,gripper and forearm has severe deformation at sec1,True,16.0,3.0625,link7,0.12968722082976292,0.875,0.125,0.17886059776306,0.9375,0.0625,0.29314366248720003,True,True,True,True,True,True
LVP_ROBOWM_0051,LVP_ROBOWM,gripper,1.0,gripper deform at sec1,True,16.0,3.0625,link7,0.03669336988436917,0.4375,0.5625,0.025952260704156002,0.75,0.25,0.057176988875379996,False,False,True,True,True,True
LVP_ROBOWM_0057,LVP_ROBOWM,forearm,2.0,"gripper deform at sec1, forearm deform at sec2",True,16.0,3.0625,"link4,link5",0.013899510288322606,2.9375,0.9375,0.009780075404257498,3.0,1.0,0.030504047847149995,False,False,True,False,False,True
LVP_ROBOWM_0057,LVP_ROBOWM,gripper,1.0,"gripper deform at sec1, forearm deform at sec2",True,16.0,3.0625,link7,0.03412729123292792,0.625,0.375,0.032873095242532,0.8125,0.1875,0.07987947771878,False,True,True,True,True,True
LVP_ROBOWM_0059,LVP_ROBOWM,forearm,2.0,"gripper deform at begin of sec1, forearm deform at end of sec 1",True,16.0,3.0625,"link4,link5",0.059787156181065726,2.0,0.0,0.136033307318073,2.625,0.625,0.18029528671157,True,True,True,False,False,True
LVP_ROBOWM_0059,LVP_ROBOWM,gripper,1.0,"gripper deform at begin of sec1, forearm deform at end of sec 1",True,16.0,3.0625,link7,0.02563207818289021,0.9375,0.0625,0.020178951347912,1.0,0.0,0.032826276348479996,True,True,True,True,True,True
COSMOS3_0000,COSMOS3,forearm,2.0,minor forearm deformation and gripper deformatoin at sec2,True,24.0,7.875,"link4,link5",0.01538449246589248,1.0416666666666667,0.9583333333333333,0.007082405859232857,6.875,4.875,0.02087088779156857,False,False,True,False,False,False
COSMOS3_0000,COSMOS3,gripper,2.0,minor forearm deformation and gripper deformatoin at sec2,True,24.0,7.875,link7,0.23455012979817966,1.3333333333333333,0.6666666666666667,0.10874171415745712,4.958333333333333,2.958333333333333,0.3550402819867143,False,False,True,False,False,False
COSMOS3_0006,COSMOS3,forearm,1.0,gripper and forearm deformation at sec 1,True,24.0,7.875,link5,0.053714216047760936,3.75,2.75,0.0927297073273857,3.7916666666666665,2.7916666666666665,0.24025724668214288,False,False,False,False,False,False
COSMOS3_0006,COSMOS3,gripper,1.0,gripper and forearm deformation at sec 1,True,24.0,7.875,link7,0.019542097534610822,1.25,0.25,0.01431781256892143,7.791666666666667,6.791666666666667,0.043961679791959994,True,True,True,False,False,False
COSMOS3_0014,COSMOS3,gripper,1.0,gripper deformation at second1. second gripper deformation at 05,False,,,,,,,,,,,,,,,,
COSMOS3_0015,COSMOS3,forearm,2.0,gripper deformation at second4. forearm deformation aat second 2,True,24.0,7.875,"link4,link5",0.015699487619378154,1.1666666666666667,0.8333333333333333,0.011172776943062854,5.416666666666667,3.416666666666667,0.02667080965744286,False,False,True,False,False,False
COSMOS3_0015,COSMOS3,gripper,4.0,gripper deformation at second4. forearm deformation aat second 2,True,24.0,7.875,link7,0.006971862844233527,0.9583333333333334,3.0416666666666665,0.004698645797984286,3.5,0.5,0.00803653472586857,False,False,False,False,True,True
COSMOS3_0020,COSMOS3,gripper,1.0,gripper deformation at second1. ,True,24.0,7.875,link7,0.23355319887525322,7.791666666666667,6.791666666666667,0.28565065733391437,7.833333333333333,6.833333333333333,0.591391719752,False,False,False,False,False,False
COSMOS3_0024,COSMOS3,gripper,0.75,the gripper deform at second half of second 0 to sec1,False,,,,,,,,,,,,,,,,
COSMOS3_0027,COSMOS3,gripper,5.0,the gripper deform at start of second5,True,24.0,7.875,link7,0.06225365519262463,7.208333333333333,2.208333333333333,0.029613902995422853,3.2083333333333335,1.7916666666666665,0.08973340832595715,False,False,False,False,False,False
COSMOS3_0028,COSMOS3,forearm,0.75,the gripper and forearm deform at second half of second 0,True,24.0,7.875,"link4,link5",0.015041709899998378,4.125,3.375,0.00542250460586571,7.541666666666667,6.791666666666667,0.01852140085529714,False,False,False,False,False,False
COSMOS3_0028,COSMOS3,gripper,0.75,the gripper and forearm deform at second half of second 0,True,24.0,7.875,link7,0.4445289357641297,2.75,2.0,0.3568877889814286,4.666666666666667,3.916666666666667,0.6414258573884286,False,False,False,False,False,False
COSMOS3_0031,COSMOS3,gripper,1.0,the gripper deform at start of second1,True,24.0,7.875,link7,0.1149582108755607,1.0,0.0,0.0817974103210286,6.166666666666667,5.166666666666667,0.14390284176999998,True,True,True,False,False,False
COSMOS3_0042,COSMOS3,upper_arm,0.75,"gripper,forearm,upperarm deform start at second half of sec0",True,24.0,7.875,"link2,link3",0.01410226914305823,0.875,0.125,0.006599282204464999,6.875,6.125,0.02407058785428572,True,True,True,False,False,False
COSMOS3_0042,COSMOS3,forearm,0.75,"gripper,forearm,upperarm deform start at second half of sec0",True,24.0,7.875,"link4,link5",0.03149792240068407,3.9583333333333335,3.2083333333333335,0.026970785078420004,4.0,3.25,0.06456896504046429,False,False,False,False,False,False
COSMOS3_0042,COSMOS3,gripper,0.75,"gripper,forearm,upperarm deform start at second half of sec0",False,,,,,,,,,,,,,,,,
COSMOS3_0047,COSMOS3,upper_arm,1.0,"gripper,forearm,upperarm deform start at  sec1",True,24.0,7.875,"link2,link3",0.013095481007973942,1.2916666666666667,0.29166666666666674,0.00531963379891643,6.958333333333333,5.958333333333333,0.01776543585527857,False,True,True,False,False,False
COSMOS3_0047,COSMOS3,forearm,1.0,"gripper,forearm,upperarm deform start at  sec1",True,24.0,7.875,"link4,link5",0.03700271057025771,0.625,0.375,0.01567888560633214,2.2083333333333335,1.2083333333333335,0.054819361270614285,False,True,True,False,False,False
COSMOS3_0047,COSMOS3,gripper,1.0,"gripper,forearm,upperarm deform start at  sec1",True,24.0,7.875,link7,0.31119157469943065,0.8333333333333334,0.16666666666666663,0.45763101781531423,0.875,0.125,0.5878481942858571,True,True,True,True,True,True
COSMOS3_0048,COSMOS3,upper_arm,0.75,"gripper,forearm,upperarm deform start at second half of sec0",True,24.0,7.875,"link2,link3",0.0137214622432204,1.2083333333333333,0.45833333333333326,0.008594060585510713,3.375,2.625,0.02306693786020714,False,True,True,False,False,False
COSMOS3_0048,COSMOS3,forearm,0.75,"gripper,forearm,upperarm deform start at second half of sec0",True,24.0,7.875,"link4,link5",0.01743168066193011,1.5,0.75,0.006779102103149281,2.9583333333333335,2.2083333333333335,0.027939868418725717,False,False,True,False,False,False
COSMOS3_0048,COSMOS3,gripper,0.75,"gripper,forearm,upperarm deform start at second half of sec0",False,,,,,,,,,,,,,,,,
COSMOS3_0049,COSMOS3,forearm,1.0,"gripper,forearm deform start at  sec1",True,24.0,7.875,"link4,link5",0.015746816571689335,7.833333333333333,6.833333333333333,0.008300997997991607,4.875,3.875,0.022228328115289287,False,False,False,False,False,False
COSMOS3_0049,COSMOS3,gripper,1.0,"gripper,forearm deform start at  sec1",True,24.0,7.875,link7,0.5966444691857294,2.5,1.5,0.35764828447971425,1.9166666666666667,0.9166666666666667,0.7233211845782858,False,False,False,False,False,True
COSMOS3_0051,COSMOS3,forearm,1.0,"gripper, forearm deform at sec1",True,24.0,7.875,"link4,link5",0.021946797829187036,0.8333333333333334,0.16666666666666663,0.007728491219122859,4.0,3.0,0.04005392584361429,True,True,True,False,False,False
COSMOS3_0051,COSMOS3,gripper,1.0,"gripper, forearm deform at sec1",False,,,,,,,,,,,,,,,,
COSMOS3_0052,COSMOS3,forearm,1.0,"gripper, forearm deform at sec1",True,24.0,7.875,"link4,link5",0.01682263485182285,0.5833333333333334,0.41666666666666663,0.017515319095554503,4.416666666666667,3.416666666666667,0.03753123306951428,False,True,True,False,False,False
COSMOS3_0052,COSMOS3,gripper,1.0,"gripper, forearm deform at sec1",False,,,,,,,,,,,,,,,,
COSMOS3_0053,COSMOS3,forearm,1.0,"gripper, forearm deform at sec1",True,24.0,7.875,"link4,link5",0.02581326496002155,2.7916666666666665,1.7916666666666665,0.017615407541442862,2.8333333333333335,1.8333333333333335,0.049803796452421424,False,False,False,False,False,False
COSMOS3_0053,COSMOS3,gripper,1.0,"gripper, forearm deform at sec1",True,24.0,7.875,link7,0.24937521772662927,2.375,1.375,0.27232152889171435,3.9583333333333335,2.9583333333333335,0.6187317958799999,False,False,False,False,False,False
COSMOS3_0056,COSMOS3,forearm,0.75,"gripper, forearm deform at second half of sec0",True,24.0,7.875,"link4,link5",0.02569429814709713,3.9583333333333335,3.2083333333333335,0.010561349416014283,3.9583333333333335,3.2083333333333335,0.04660572869163571,False,False,False,False,False,False
COSMOS3_0056,COSMOS3,gripper,0.75,"gripper, forearm deform at second half of sec0",False,,,,,,,,,,,,,,,,
COSMOS3_0057,COSMOS3,gripper,1.0,gripper deform at sec1,True,24.0,7.875,link7,0.6446371434203249,1.25,0.25,0.3143588310294285,1.25,0.25,0.848469771904,True,True,True,True,True,True
COSMOS3_0060,COSMOS3,forearm,5.0,"gripper deform at sec0, forearm deform at sec5",True,24.0,7.875,link5,0.08028681102129526,1.375,3.625,0.13306694516567139,2.4166666666666665,2.5833333333333335,0.2762081401614286,False,False,False,False,False,False
COSMOS3_0060,COSMOS3,gripper,0.0,"gripper deform at sec0, forearm deform at sec5",True,24.0,7.875,link7,0.21512813533348243,3.125,3.125,0.18322077175037144,4.291666666666667,4.291666666666667,0.313389077649,False,False,False,False,False,False
