video_id,status,anomaly_score_sum,scored_pair_count
COSMOS2.5_0001,excluded_by_user,,0
COSMOS2.5_0005,excluded_by_user,,0
COSMOS2.5_0010,excluded_by_user,,0
COSMOS2.5_0015,scored,5.3057352951356584,10
COSMOS2.5_0021,unavailable_reference,,0
COSMOS2.5_0025,scored,5.005012025074525,10
COSMOS2.5_0030,scored,5.916474928639152,10
COSMOS2.5_0035,scored,4.365135003490882,10
COSMOS2.5_0040,scored,4.9549080333926465,10
COSMOS2.5_0044,scored,3.9406123154157515,10
COSMOS2.5_0046,scored,4.2711476655290594,10
COSMOS2.5_0054,scored,5.58609173324975,10
COSMOS2.5_0056,scored,5.245838607816429,10
COSMOS2.5_0060,scored,3.3918595921534758,10
COSMOS2.5_0065,excluded_by_user,,0
COSMOS3_0001,excluded_by_user,,0
COSMOS3_0005,scored,4.996481428766028,10
COSMOS3_0010,scored,6.465555042256099,10
COSMOS3_0015,scored,4.483100623118155,10
COSMOS3_0021,scored,4.651127150229045,10
COSMOS3_0025,scored,4.080461301941138,10
COSMOS3_0030,scored,4.1319410532712935,10
COSMOS3_0035,scored,4.357846329970793,10
COSMOS3_0040,scored,4.474064230918884,10
COSMOS3_0044,scored,4.153671699265639,10
COSMOS3_0046,scored,4.510484861709299,10
COSMOS3_0054,scored,2.5951736772602256,10
COSMOS3_0056,scored,3.8269052404345887,10
COSMOS3_0060,scored,4.35271114761849,10
COSMOS3_0065,scored,5.936476269342524,10
LVP_ROBOWM_0001,excluded_by_user,,0
LVP_ROBOWM_0005,scored,4.889268134985909,10
LVP_ROBOWM_0010,scored,5.513300399828637,10
LVP_ROBOWM_0015,scored,4.075226591881755,10
LVP_ROBOWM_0021,scored,3.8040506556466385,10
LVP_ROBOWM_0025,scored,4.03455508315202,10
LVP_ROBOWM_0030,scored,4.6441581636667255,10
LVP_ROBOWM_0035,scored,3.9406494186683134,10
LVP_ROBOWM_0040,scored,3.558105233311653,10
LVP_ROBOWM_0044,scored,3.4453665365775428,10
LVP_ROBOWM_0046,scored,3.44861571624493,10
LVP_ROBOWM_0054,scored,4.731436908276348,10
LVP_ROBOWM_0056,scored,5.417120780269583,10
LVP_ROBOWM_0060,scored,5.1595807771311835,10
LVP_ROBOWM_0065,scored,3.434017293007819,10
